date,price
2015-01-01,3418
2015-01-02,3162
2015-01-03,1421
2015-01-04,941
2015-01-05,1882
2015-01-06,1863
2015-01-07,1579
2015-01-08,927
2015-01-09,1843
2015-01-10,1876
2015-01-11,1707
2015-01-12,2499
2015-01-13,2891
2015-01-14,2934
2015-01-15,3130
2015-01-16,3362
2015-01-17,2430
2015-01-18,2385
2015-01-19,2058
2015-01-20,3086
2015-01-21,2806
2015-01-22,3017
2015-01-23,3364
2015-01-24,2732
2015-01-25,1568
2015-01-26,3042
2015-01-27,3444
2015-01-28,3871
2015-01-29,3072
2015-01-30,4315
2015-01-31,2797
2015-02-01,31
2015-02-02,480
2015-02-03,1301
2015-02-04,1244
2015-02-05,2131
2015-02-06,2647
2015-02-07,2187
2015-02-08,2092
2015-02-09,2292
2015-02-10,3018
2015-02-11,2858
2015-02-12,3273
2015-02-13,3402
2015-02-14,2592
2015-02-15,1771
2015-02-16,2209
2015-02-17,2739
2015-02-18,3210
2015-02-19,2594
2015-02-20,3543
2015-02-21,2591
2015-02-22,2744
2015-02-23,3292
2015-02-24,2977
2015-02-25,2801
2015-02-26,1550
2015-02-27,2904
2015-02-28,2548
2015-03-01,2556
2015-03-02,3507
2015-03-03,2144
2015-03-04,3331
2015-03-05,3331
2015-03-06,3891
2015-03-07,2853
2015-03-08,2600
2015-03-09,4028
2015-03-10,3252
2015-03-11,3632
2015-03-12,3984
2015-03-13,4244
2015-03-14,2963
2015-03-15,2863
2015-03-16,4020
2015-03-17,4175
2015-03-18,4161
2015-03-19,3982
2015-03-20,4398
2015-03-21,3156
2015-03-22,2948
2015-03-23,1823
2015-03-24,4002
2015-03-25,3422
2015-03-26,3730
2015-03-27,4092
2015-03-28,3268
2015-03-29,2595
2015-03-30,4241
2015-03-31,3832
2015-04-01,4603
2015-04-02,3080
2015-04-03,2735
2015-04-04,3289
2015-04-05,3685
2015-04-06,2426
2015-04-07,2277
2015-04-08,2349
2015-04-09,1670
2015-04-10,2843
2015-04-11,3501
2015-04-12,2832
2015-04-13,3800
2015-04-14,4152
2015-04-15,2813
2015-04-16,3564
2015-04-17,4522
2015-04-18,2751
2015-04-19,2258
2015-04-20,3575
2015-04-21,4172
2015-04-22,3633
2015-04-23,4407
2015-04-24,4314
2015-04-25,2633
2015-04-26,3260
2015-04-27,4314
2015-04-28,4558
2015-04-29,4509
2015-04-30,4436
2015-05-01,5168
2015-05-02,3401
2015-05-03,2828
2015-05-04,4319
2015-05-05,3360
2015-05-06,4196
2015-05-07,4865
2015-05-08,4260
2015-05-09,3193
2015-05-10,3299
2015-05-11,3398
2015-05-12,4221
2015-05-13,4600
2015-05-14,4322
2015-05-15,4813
2015-05-16,3411
2015-05-17,3117
2015-05-18,4606
2015-05-19,3902
2015-05-20,3730
2015-05-21,4816
2015-05-22,4595
2015-05-23,3739
2015-05-24,2669
2015-05-25,3097
2015-05-26,3535
2015-05-27,4468
2015-05-28,4364
2015-05-29,4249
2015-05-30,2011
2015-05-31,2907
2015-06-01,4138
2015-06-02,4300
2015-06-03,4663
2015-06-04,4354
2015-06-05,4009
2015-06-06,3664
2015-06-07,2842
2015-06-08,4380
2015-06-09,4517
2015-06-10,4403
2015-06-11,3852
2015-06-12,3071
2015-06-13,3365
2015-06-14,2885
2015-06-15,3136
2015-06-16,4634
2015-06-17,3265
2015-06-18,4135
2015-06-19,4889
2015-06-20,3027
2015-06-21,3548
2015-06-22,2314
2015-06-23,2762
2015-06-24,2574
2015-06-25,2468
2015-06-26,2152
2015-06-27,3532
2015-06-28,2892
2015-06-29,3055
2015-06-30,3217
2015-07-01,3249
2015-07-02,3771
2015-07-03,3934
2015-07-04,3657
2015-07-05,3138
2015-07-06,3398
2015-07-07,3368
2015-07-08,3210
2015-07-09,3621
2015-07-10,3560
2015-07-11,2917
2015-07-12,3084
2015-07-13,3012
2015-07-14,3374
2015-07-15,3559
2015-07-16,2719
2015-07-17,4023
2015-07-18,3218
2015-07-19,3221
2015-07-20,3161
2015-07-21,3346
2015-07-22,3374
2015-07-23,3518
2015-07-24,3649
2015-07-25,3327
2015-07-26,2881
2015-07-27,3190
2015-07-28,3310
2015-07-29,3155
2015-07-30,3168
2015-07-31,3248
2015-08-01,3118
2015-08-02,3077
2015-08-03,2820
2015-08-04,2674
2015-08-05,2819
2015-08-06,2989
2015-08-07,2917
2015-08-08,3199
2015-08-09,2825
2015-08-10,2388
2015-08-11,2586
2015-08-12,2633
2015-08-13,2821
2015-08-14,2810
2015-08-15,3372
2015-08-16,3444
2015-08-17,2501
2015-08-18,2222
2015-08-19,2599
2015-08-20,3016
2015-08-21,3126
2015-08-22,3256
2015-08-23,2857
2015-08-24,2727
2015-08-25,2607
2015-08-26,2626
2015-08-27,2919
2015-08-28,2848
2015-08-29,2161
2015-08-30,3076
2015-08-31,2617
2015-09-01,2724
2015-09-02,2844
2015-09-03,2847
2015-09-04,2828
2015-09-05,2860
2015-09-06,3221
2015-09-07,2990
2015-09-08,2992
2015-09-09,4235
2015-09-10,3815
2015-09-11,3462
2015-09-12,2808
2015-09-13,3169
2015-09-14,4318
2015-09-15,4402
2015-09-16,4554
2015-09-17,4142
2015-09-18,3424
2015-09-19,3048
2015-09-20,3092
2015-09-21,4367
2015-09-22,4322
2015-09-23,4249
2015-09-24,4582
2015-09-25,4678
2015-09-26,3185
2015-09-27,2860
2015-09-28,4136
2015-09-29,3169
2015-09-30,4260
2015-10-01,4358
2015-10-02,4557
2015-10-03,2970
2015-10-04,3148
2015-10-05,3792
2015-10-06,4163
2015-10-07,4492
2015-10-08,4279
2015-10-09,4283
2015-10-10,3054
2015-10-11,3164
2015-10-12,2819
2015-10-13,4274
2015-10-14,4437
2015-10-15,3937
2015-10-16,4370
2015-10-17,3060
2015-10-18,3330
2015-10-19,3809
2015-10-20,3488
2015-10-21,3745
2015-10-22,3803
2015-10-23,3553
2015-10-24,2668
2015-10-25,3141
2015-10-26,3742
2015-10-27,2811
2015-10-28,2788
2015-10-29,3493
2015-10-30,4115
2015-10-31,1558
2015-11-01,2988
2015-11-02,3396
2015-11-03,3678
2015-11-04,3574
2015-11-05,3568
2015-11-06,3446
2015-11-07,3006
2015-11-08,2930
2015-11-09,3832
2015-11-10,3785
2015-11-11,2298
2015-11-12,2882
2015-11-13,2681
2015-11-14,3068
2015-11-15,2992
2015-11-16,3102
2015-11-17,2245
2015-11-18,2471
2015-11-19,2798
2015-11-20,3169
2015-11-21,710
2015-11-22,1719
2015-11-23,2485
2015-11-24,2973
2015-11-25,2210
2015-11-26,2741
2015-11-27,1860
2015-11-28,2935
2015-11-29,2927
2015-11-30,2650
2015-12-01,2967
2015-12-02,2438
2015-12-03,2763
2015-12-04,3327
2015-12-05,2770
2015-12-06,2920
2015-12-07,2727
2015-12-08,2941
2015-12-09,3213
2015-12-10,3110
2015-12-11,3146
2015-12-12,2242
2015-12-13,1819
2015-12-14,2324
2015-12-15,2749
2015-12-16,2503
2015-12-17,3262
2015-12-18,3450
2015-12-19,2843
2015-12-20,2882
2015-12-21,1490
2015-12-22,2150
2015-12-23,1844
2015-12-24,3371
2015-12-25,3743
2015-12-26,2430
2015-12-27,2980
2015-12-28,290
2015-12-29,1585
2015-12-30,1687
2015-12-31,2651
2016-01-01,2779
2016-01-02,2664
2016-01-03,2654
2016-01-04,2620
2016-01-05,2840
2016-01-06,2753
2016-01-07,2830
2016-01-08,2155
2016-01-09,1739
2016-01-10,2660
2016-01-11,2445
2016-01-12,2044
2016-01-13,2248
2016-01-14,2915
2016-01-15,2454
2016-01-16,2721
2016-01-17,2881
2016-01-18,2725
2016-01-19,3385
2016-01-20,2810
2016-01-21,3074
2016-01-22,2606
2016-01-23,2826
2016-01-24,2617
2016-01-25,2635
2016-01-26,2591
2016-01-27,3068
2016-01-28,2856
2016-01-29,3450
2016-01-30,2738
2016-01-31,2313
2016-02-01,2976
2016-02-02,1532
2016-02-03,2435
2016-02-04,3201
2016-02-05,2212
2016-02-06,2835
2016-02-07,2878
2016-02-08,2573
2016-02-09,2558
2016-02-10,3019
2016-02-11,3204
2016-02-12,3423
2016-02-13,3375
2016-02-14,1620
2016-02-15,1938
2016-02-16,2748
2016-02-17,3216
2016-02-18,3003
2016-02-19,3476
2016-02-20,3029
2016-02-21,2759
2016-02-22,3253
2016-02-23,3493
2016-02-24,1527
2016-02-25,2951
2016-02-26,3253
2016-02-27,3174
2016-02-28,2843
2016-02-29,3093
2016-03-01,1806
2016-03-02,3006
2016-03-03,2600
2016-03-04,3418
2016-03-05,2718
2016-03-06,2985
2016-03-07,3239
2016-03-08,3390
2016-03-09,2742
2016-03-10,3301
2016-03-11,3423
2016-03-12,3191
2016-03-13,1916
2016-03-14,3142
2016-03-15,3173
2016-03-16,3397
2016-03-17,3530
2016-03-18,3703
2016-03-19,3274
2016-03-20,3245
2016-03-21,3468
2016-03-22,3287
2016-03-23,2923
2016-03-24,2075
2016-03-25,3020
2016-03-26,3674
2016-03-27,3514
2016-03-28,3787
2016-03-29,3685
2016-03-30,3134
2016-03-31,3156
2016-04-01,2451
2016-04-02,3002
2016-04-03,3660
2016-04-04,3038
2016-04-05,3646
2016-04-06,2162
2016-04-07,3121
2016-04-08,2482
2016-04-09,3506
2016-04-10,2541
2016-04-11,3470
2016-04-12,3514
2016-04-13,3195
2016-04-14,3283
2016-04-15,4133
2016-04-16,3906
2016-04-17,3460
2016-04-18,2495
2016-04-19,2258
2016-04-20,2602
2016-04-21,2813
2016-04-22,3055
2016-04-23,3939
2016-04-24,3465
2016-04-25,3497
2016-04-26,2936
2016-04-27,2873
2016-04-28,3107
2016-04-29,3596
2016-04-30,2289
2016-05-01,3019
2016-05-02,3505
2016-05-03,3431
2016-05-04,3226
2016-05-05,3650
2016-05-06,4120
2016-05-07,3333
2016-05-08,3723
2016-05-09,2643
2016-05-10,2474
2016-05-11,3398
2016-05-12,3087
2016-05-13,3463
2016-05-14,3373
2016-05-15,3360
2016-05-16,3437
2016-05-17,3196
2016-05-18,3677
2016-05-19,3788
2016-05-20,3494
2016-05-21,3495
2016-05-22,3348
2016-05-23,3397
2016-05-24,3316
2016-05-25,2992
2016-05-26,3480
2016-05-27,3279
2016-05-28,3351
2016-05-29,3613
2016-05-30,3508
2016-05-31,2915
2016-06-01,2855
2016-06-02,3388
2016-06-03,3357
2016-06-04,2596
2016-06-05,3264
2016-06-06,3277
2016-06-07,3113
2016-06-08,3241
2016-06-09,2617
2016-06-10,3913
2016-06-11,3495
2016-06-12,3029
2016-06-13,3118
2016-06-14,2933
2016-06-15,3456
2016-06-16,3286
2016-06-17,3883
2016-06-18,3211
2016-06-19,3361
2016-06-20,3485
2016-06-21,3625
2016-06-22,2005
2016-06-23,2495
2016-06-24,2869
2016-06-25,3501
2016-06-26,3256
2016-06-27,2545
2016-06-28,2402
2016-06-29,2712
2016-06-30,2596
2016-07-01,2776
2016-07-02,3171
2016-07-03,3419
2016-07-04,3435
2016-07-05,2943
2016-07-06,2814
2016-07-07,2744
2016-07-08,3209
2016-07-09,3114
2016-07-10,3167
2016-07-11,3159
2016-07-12,2959
2016-07-13,2655
2016-07-14,3197
2016-07-15,2912
2016-07-16,3101
2016-07-17,2740
2016-07-18,2922
2016-07-19,2815
2016-07-20,2965
2016-07-21,2816
2016-07-22,3451
2016-07-23,2715
2016-07-24,2736
2016-07-25,3053
2016-07-26,3032
2016-07-27,2946
2016-07-28,2790
2016-07-29,2860
2016-07-30,3029
2016-07-31,3205
2016-08-01,2887
2016-08-02,2827
2016-08-03,3028
2016-08-04,2895
2016-08-05,2856
2016-08-06,3430
2016-08-07,3048
2016-08-08,2491
2016-08-09,2299
2016-08-10,2453
2016-08-11,2597
2016-08-12,1824
2016-08-13,3185
2016-08-14,2973
2016-08-15,2107
2016-08-16,2514
2016-08-17,2436
2016-08-18,2402
2016-08-19,2537
2016-08-20,2705
2016-08-21,3067
2016-08-22,2612
2016-08-23,2582
2016-08-24,2249
2016-08-25,2421
2016-08-26,2428
2016-08-27,2744
2016-08-28,2990
2016-08-29,2295
2016-08-30,2139
2016-08-31,2545
2016-09-01,2259
2016-09-02,2569
2016-09-03,2935
2016-09-04,2887
2016-09-05,2927
2016-09-06,3567
2016-09-07,3093
2016-09-08,3003
2016-09-09,3344
2016-09-10,2704
2016-09-11,3011
2016-09-12,3407
2016-09-13,3602
2016-09-14,3200
2016-09-15,3544
2016-09-16,3379
2016-09-17,2774
2016-09-18,2763
2016-09-19,3399
2016-09-20,3347
2016-09-21,2334
2016-09-22,3291
2016-09-23,3108
2016-09-24,2917
2016-09-25,2987
2016-09-26,3304
2016-09-27,3297
2016-09-28,2412
2016-09-29,2639
2016-09-30,2701
2016-10-01,2310
2016-10-02,2872
2016-10-03,2876
2016-10-04,2857
2016-10-05,3063
2016-10-06,2019
2016-10-07,3261
2016-10-08,2993
2016-10-09,3036
2016-10-10,2326
2016-10-11,3297
2016-10-12,2114
2016-10-13,3370
2016-10-14,3496
2016-10-15,3063
2016-10-16,2514
2016-10-17,3274
2016-10-18,3351
2016-10-19,3180
2016-10-20,3106
2016-10-21,3298
2016-10-22,3456
2016-10-23,3124
2016-10-24,3302
2016-10-25,3290
2016-10-26,1833
2016-10-27,3197
2016-10-28,3551
2016-10-29,2979
2016-10-30,2853
2016-10-31,3331
2016-11-01,3364
2016-11-02,2320
2016-11-03,3085
2016-11-04,3016
2016-11-05,3310
2016-11-06,2991
2016-11-07,3375
2016-11-08,2892
2016-11-09,2955
2016-11-10,2930
2016-11-11,2758
2016-11-12,3140
2016-11-13,3215
2016-11-14,3244
2016-11-15,3277
2016-11-16,3402
2016-11-17,3420
2016-11-18,2799
2016-11-19,3215
2016-11-20,3286
2016-11-21,3160
2016-11-22,3025
2016-11-23,1868
2016-11-24,3939
2016-11-25,3066
2016-11-26,3401
2016-11-27,3308
2016-11-28,1842
2016-11-29,2886
2016-11-30,2793
2016-12-01,2766
2016-12-02,2995
2016-12-03,2888
2016-12-04,1353
2016-12-05,2601
2016-12-06,2832
2016-12-07,3136
2016-12-08,3168
2016-12-09,3254
2016-12-10,2237
2016-12-11,1049
2016-12-12,1785
2016-12-13,2268
2016-12-14,2526
2016-12-15,2832
2016-12-16,2108
2016-12-17,1509
2016-12-18,1650
2016-12-19,2020
2016-12-20,2177
2016-12-21,2363
2016-12-22,2602
2016-12-23,2653
2016-12-24,2697
2016-12-25,2732
2016-12-26,2760
2016-12-27,2448
2016-12-28,2353
2016-12-29,2418
2016-12-30,2631
2016-12-31,3245
2017-01-01,3159
2017-01-02,2044
2017-01-03,1808
2017-01-04,2407
2017-01-05,2417
2017-01-06,2628
2017-01-07,3028
2017-01-08,3060
2017-01-09,2378
2017-01-10,1562
2017-01-11,830
2017-01-12,170
2017-01-13,1715
2017-01-14,2489
2017-01-15,2219
2017-01-16,1221
2017-01-17,2119
2017-01-18,2201
2017-01-19,2265
2017-01-20,2313
2017-01-21,2704
2017-01-22,2404
2017-01-23,2227
2017-01-24,2475
2017-01-25,2073
2017-01-26,2495
2017-01-27,2400
2017-01-28,2313
2017-01-29,2380
2017-01-30,2719
2017-01-31,2214
2017-02-01,2627
2017-02-02,2805
2017-02-03,2704
2017-02-04,2834
2017-02-05,3271
2017-02-06,2779
2017-02-07,1982
2017-02-08,2425
2017-02-09,2868
2017-02-10,3145
2017-02-11,2920
2017-02-12,2968
2017-02-13,2885
2017-02-14,3120
2017-02-15,3029
2017-02-16,2781
2017-02-17,3375
2017-02-18,3015
2017-02-19,2885
2017-02-20,2218
2017-02-21,2692
2017-02-22,3026
2017-02-23,2621
2017-02-24,2354
2017-02-25,2935
2017-02-26,2903
2017-02-27,3044
2017-02-28,2206
2017-03-01,2035
2017-03-02,2789
2017-03-03,3280
2017-03-04,2722
2017-03-05,2706
2017-03-06,2257
2017-03-07,2971
2017-03-08,3118
2017-03-09,2853
2017-03-10,3207
2017-03-11,2979
2017-03-12,3172
2017-03-13,2369
2017-03-14,1748
2017-03-15,3121
2017-03-16,3302
2017-03-17,2704
2017-03-18,2789
2017-03-19,2949
2017-03-20,2743
2017-03-21,2943
2017-03-22,3074
2017-03-23,3029
2017-03-24,3595
2017-03-25,1934
2017-03-26,2447
2017-03-27,2747
2017-03-28,3076
2017-03-29,2732
2017-03-30,1903
2017-03-31,2780
2017-04-01,2962
2017-04-02,2654
2017-04-03,2310
2017-04-04,2924
2017-04-05,1747
2017-04-06,3180
2017-04-07,2558
2017-04-08,3001
2017-04-09,2929
2017-04-10,1885
2017-04-11,2304
2017-04-12,2396
2017-04-13,2258
2017-04-14,2539
2017-04-15,3126
2017-04-16,2883
2017-04-17,3241
2017-04-18,3200
2017-04-19,2494
2017-04-20,2818
2017-04-21,3506
2017-04-22,2899
2017-04-23,2935
2017-04-24,3071
2017-04-25,3181
2017-04-26,3169
2017-04-27,2879
2017-04-28,3334
2017-04-29,1917
2017-04-30,2039
2017-05-01,2742
2017-05-02,2736
2017-05-03,2946
2017-05-04,2801
2017-05-05,3268
2017-05-06,2956
2017-05-07,3039
2017-05-08,2975
2017-05-09,2613
2017-05-10,2612
2017-05-11,3014
2017-05-12,3403
2017-05-13,2942
2017-05-14,3250
2017-05-15,3120
2017-05-16,3313
2017-05-17,3133
2017-05-18,3268
2017-05-19,2477
2017-05-20,2781
2017-05-21,3041
2017-05-22,3278
2017-05-23,2353
2017-05-24,2777
2017-05-25,3056
2017-05-26,2784
2017-05-27,2899
2017-05-28,3042
2017-05-29,3021
2017-05-30,2989
2017-05-31,2967
2017-06-01,3131
2017-06-02,3516
2017-06-03,2639
2017-06-04,2784
2017-06-05,3034
2017-06-06,3070
2017-06-07,2965
2017-06-08,3124
2017-06-09,3269
2017-06-10,3043
2017-06-11,3076
2017-06-12,3354
2017-06-13,2930
2017-06-14,2596
2017-06-15,3088
2017-06-16,3235
2017-06-17,2619
2017-06-18,3142
2017-06-19,3035
2017-06-20,3459
2017-06-21,2505
2017-06-22,2443
2017-06-23,2317
2017-06-24,2918
2017-06-25,2975
2017-06-26,2219
2017-06-27,2141
2017-06-28,1957
2017-06-29,2054
2017-06-30,2400
2017-07-01,3043
2017-07-02,3014
2017-07-03,2382
2017-07-04,3296
2017-07-05,2554
2017-07-06,2728
2017-07-07,2551
2017-07-08,2824
2017-07-09,2693
2017-07-10,2231
2017-07-11,2540
2017-07-12,1994
2017-07-13,2756
2017-07-14,2858
2017-07-15,2993
2017-07-16,2763
2017-07-17,2905
2017-07-18,2829
2017-07-19,2773
2017-07-20,2386
2017-07-21,2561
2017-07-22,2686
2017-07-23,2797
2017-07-24,2439
2017-07-25,2672
2017-07-26,2777
2017-07-27,2820
2017-07-28,3105
2017-07-29,2906
2017-07-30,2931
2017-07-31,2554
2017-08-01,2329
2017-08-02,2637
2017-08-03,2331
2017-08-04,2303
2017-08-05,2785
2017-08-06,2549
2017-08-07,2244
2017-08-08,2257
2017-08-09,2190
2017-08-10,2261
2017-08-11,2391
2017-08-12,2716
2017-08-13,2712
2017-08-14,2033
2017-08-15,2139
2017-08-16,2049
2017-08-17,2068
2017-08-18,2420
2017-08-19,2745
2017-08-20,2595
2017-08-21,1995
2017-08-22,2081
2017-08-23,2168
2017-08-24,2170
2017-08-25,2292
2017-08-26,2778
2017-08-27,2668
2017-08-28,1952
2017-08-29,2014
2017-08-30,2220
2017-08-31,2232
2017-09-01,2364
2017-09-02,2492
2017-09-03,2814
2017-09-04,2536
2017-09-05,2628
2017-09-06,2888
2017-09-07,3169
2017-09-08,3176
2017-09-09,2746
2017-09-10,2804
2017-09-11,3204
2017-09-12,3187
2017-09-13,2867
2017-09-14,3396
2017-09-15,3447
2017-09-16,2430
2017-09-17,2548
2017-09-18,3065
2017-09-19,2725
2017-09-20,3165
2017-09-21,3240
2017-09-22,3637
2017-09-23,2874
2017-09-24,2930
2017-09-25,3460
2017-09-26,3156
2017-09-27,3089
2017-09-28,3387
2017-09-29,3481
2017-09-30,2744
2017-10-01,2567
2017-10-02,2981
2017-10-03,2646
2017-10-04,2581
2017-10-05,3240
2017-10-06,2701
2017-10-07,2257
2017-10-08,2995
2017-10-09,2434
2017-10-10,2790
2017-10-11,2045
2017-10-12,2673
2017-10-13,3222
2017-10-14,1079
2017-10-15,2237
2017-10-16,2721
2017-10-17,3105
2017-10-18,3229
2017-10-19,3177
2017-10-20,3369
2017-10-21,2736
2017-10-22,2010
2017-10-23,1897
2017-10-24,1614
2017-10-25,3231
2017-10-26,3248
2017-10-27,2985
2017-10-28,2615
2017-10-29,2685
2017-10-30,2870
2017-10-31,3091
2017-11-01,2361
2017-11-02,2289
2017-11-03,2343
2017-11-04,2014
2017-11-05,2202
2017-11-06,2945
2017-11-07,2731
2017-11-08,3084
2017-11-09,3091
2017-11-10,2270
2017-11-11,2596
2017-11-12,1957
2017-11-13,2799
2017-11-14,2817
2017-11-15,2019
2017-11-16,2394
2017-11-17,2730
2017-11-18,1789
2017-11-19,2884
2017-11-20,3090
2017-11-21,2714
2017-11-22,2589
2017-11-23,3558
2017-11-24,3139
2017-11-25,3111
2017-11-26,3007
2017-11-27,3029
2017-11-28,2552
2017-11-29,2837
2017-11-30,3040
2017-12-01,3080
2017-12-02,2772
2017-12-03,3028
2017-12-04,2727
2017-12-05,2828
2017-12-06,3065
2017-12-07,3008
2017-12-08,3186
2017-12-09,2175
2017-12-10,2708
2017-12-11,2426
2017-12-12,2727
2017-12-13,2578
2017-12-14,2781
2017-12-15,2965
2017-12-16,2606
2017-12-17,2261
2017-12-18,2151
2017-12-19,2845
2017-12-20,2704
2017-12-21,2715
2017-12-22,2937
2017-12-23,2697
2017-12-24,892
2017-12-25,1941
2017-12-26,1608
2017-12-27,1667
2017-12-28,1351
2017-12-29,1094
2017-12-30,1604
2017-12-31,1916
2018-01-01,2026
2018-01-02,1635
2018-01-03,1562
2018-01-04,1744
2018-01-05,1924
2018-01-06,2265
2018-01-07,1692
2018-01-08,2358
2018-01-09,2311
2018-01-10,1955
2018-01-11,1812
2018-01-12,2038
2018-01-13,2218
2018-01-14,1914
2018-01-15,1045
2018-01-16,1774
2018-01-17,2019
2018-01-18,2188
2018-01-19,2553
2018-01-20,2033
2018-01-21,1929
2018-01-22,2070
2018-01-23,1959
2018-01-24,2105
2018-01-25,2616
2018-01-26,2591
2018-01-27,2164
2018-01-28,2030
2018-01-29,2131
2018-01-30,2684
2018-01-31,2654
2018-02-01,2618
2018-02-02,2082
2018-02-03,2251
2018-02-04,983
2018-02-05,1380
2018-02-06,1834
2018-02-07,1922
2018-02-08,2030
2018-02-09,288
2018-02-10,1192
2018-02-11,1060
2018-02-12,1795
2018-02-13,1952
2018-02-14,2242
2018-02-15,2058
2018-02-16,2611
2018-02-17,1877
2018-02-18,2205
2018-02-19,1230
2018-02-20,1571
2018-02-21,2284
2018-02-22,2679
2018-02-23,2524
2018-02-24,2236
2018-02-25,2502
2018-02-26,2973
2018-02-27,2856
2018-02-28,2734
2018-03-01,2260
2018-03-02,2981
2018-03-03,2585
2018-03-04,2584
2018-03-05,2450
2018-03-06,2354
2018-03-07,2934
2018-03-08,3100
2018-03-09,3404
2018-03-10,2717
2018-03-11,2784
2018-03-12,2675
2018-03-13,2527
2018-03-14,3233
2018-03-15,3141
2018-03-16,3328
2018-03-17,2885
2018-03-18,2833
2018-03-19,3103
2018-03-20,3007
2018-03-21,3235
2018-03-22,3381
2018-03-23,3518
2018-03-24,2689
2018-03-25,2925
2018-03-26,2144
2018-03-27,1997
2018-03-28,2188
2018-03-29,2243
2018-03-30,2447
2018-03-31,2686
2018-04-01,3122
2018-04-02,3373
2018-04-03,2016
2018-04-04,3096
2018-04-05,3051
2018-04-06,3433
2018-04-07,3205
2018-04-08,2975
2018-04-09,2646
2018-04-10,3172
2018-04-11,3270
2018-04-12,3405
2018-04-13,2007
2018-04-14,1991
2018-04-15,2038
2018-04-16,2759
2018-04-17,3047
2018-04-18,2418
2018-04-19,2615
2018-04-20,3484
2018-04-21,2622
2018-04-22,2728
2018-04-23,3074
2018-04-24,3270
2018-04-25,3108
2018-04-26,3135
2018-04-27,3337
2018-04-28,2637
2018-04-29,2794
2018-04-30,3477
2018-05-01,3195
2018-05-02,2996
2018-05-03,2592
2018-05-04,3452
2018-05-05,2691
2018-05-06,2598
2018-05-07,3109
2018-05-08,3120
2018-05-09,2515
2018-05-10,2961
2018-05-11,2711
2018-05-12,2471
2018-05-13,3047
2018-05-14,2679
2018-05-15,2959
2018-05-16,3213
2018-05-17,3014
2018-05-18,3011
2018-05-19,2553
2018-05-20,2545
2018-05-21,1911
2018-05-22,2904
2018-05-23,3298
2018-05-24,3169
2018-05-25,3504
2018-05-26,2609
2018-05-27,2935
2018-05-28,2555
2018-05-29,2764
2018-05-30,2690
2018-05-31,3098
2018-06-01,3115
2018-06-02,2451
2018-06-03,2560
2018-06-04,3017
2018-06-05,2813
2018-06-06,2949
2018-06-07,3107
2018-06-08,2911
2018-06-09,2370
2018-06-10,2092
2018-06-11,2794
2018-06-12,3103
2018-06-13,3306
2018-06-14,2901
2018-06-15,2995
2018-06-16,2799
2018-06-17,3033
2018-06-18,3222
2018-06-19,3224
2018-06-20,2081
2018-06-21,1373
2018-06-22,1672
2018-06-23,2667
2018-06-24,2819
2018-06-25,2105
2018-06-26,1916
2018-06-27,2180
2018-06-28,2442
2018-06-29,2632
2018-06-30,2868
2018-07-01,2582
2018-07-02,2158
2018-07-03,2321
2018-07-04,2887
2018-07-05,2019
2018-07-06,2246
2018-07-07,2397
2018-07-08,2432
2018-07-09,2412
2018-07-10,2373
2018-07-11,2500
2018-07-12,2458
2018-07-13,2569
2018-07-14,2222
2018-07-15,2697
2018-07-16,2162
2018-07-17,2194
2018-07-18,2217
2018-07-19,2315
2018-07-20,2064
2018-07-21,2279
2018-07-22,2125
2018-07-23,2272
2018-07-24,2312
2018-07-25,2323
2018-07-26,2354
2018-07-27,2498
2018-07-28,2670
2018-07-29,2522
2018-07-30,2282
2018-07-31,2170
2018-08-01,2162
2018-08-02,2045
2018-08-03,2277
2018-08-04,2482
2018-08-05,2537
2018-08-06,1669
2018-08-07,1769
2018-08-08,2054
2018-08-09,1924
2018-08-10,2037
2018-08-11,2453
2018-08-12,2394
2018-08-13,1928
2018-08-14,2017
2018-08-15,1871
2018-08-16,2127
2018-08-17,2117
2018-08-18,2636
2018-08-19,2581
2018-08-20,1589
2018-08-21,1904
2018-08-22,1964
2018-08-23,1946
2018-08-24,1759
2018-08-25,2518
2018-08-26,2564
2018-08-27,1995
2018-08-28,1784
2018-08-29,1966
2018-08-30,2227
2018-08-31,2286
2018-09-01,2163
2018-09-02,2630
2018-09-03,1948
2018-09-04,3077
2018-09-05,2968
2018-09-06,2190
2018-09-07,2425
2018-09-08,2553
2018-09-09,2719
2018-09-10,3090
2018-09-11,3131
2018-09-12,3029
2018-09-13,2886
2018-09-14,3022
2018-09-15,2456
2018-09-16,2373
2018-09-17,2903
2018-09-18,2751
2018-09-19,2640
2018-09-20,3008
2018-09-21,3313
2018-09-22,2466
2018-09-23,2552
2018-09-24,2790
2018-09-25,2554
2018-09-26,3065
2018-09-27,3143
2018-09-28,2737
2018-09-29,2647
2018-09-30,2548
2018-10-01,3179
2018-10-02,2634
2018-10-03,3297
2018-10-04,3097
2018-10-05,2551
2018-10-06,2036
2018-10-07,2107
2018-10-08,2207
2018-10-09,3107
2018-10-10,2215
2018-10-11,3269
2018-10-12,3027
2018-10-13,2652
2018-10-14,2774
2018-10-15,3237
2018-10-16,3545
2018-10-17,3759
2018-10-18,3225
2018-10-19,2777
2018-10-20,2833
2018-10-21,2870
2018-10-22,3449
2018-10-23,3560
2018-10-24,3404
2018-10-25,3310
2018-10-26,3357
2018-10-27,2568
2018-10-28,2331
2018-10-29,3421
2018-10-30,2979
2018-10-31,2950
2018-11-01,2792
2018-11-02,2143
2018-11-03,2490
2018-11-04,1573
2018-11-05,2816
2018-11-06,2530
2018-11-07,2881
2018-11-08,3234
2018-11-09,2943
2018-11-10,2664
2018-11-11,2787
2018-11-12,1933
2018-11-13,3241
2018-11-14,3102
2018-11-15,1819
2018-11-16,3017
2018-11-17,1775
2018-11-18,2444
2018-11-19,3152
2018-11-20,3450
2018-11-21,2266
2018-11-22,3298
2018-11-23,2479
2018-11-24,2557
2018-11-25,1558
2018-11-26,1000
2018-11-27,1785
2018-11-28,2102
2018-11-29,2543
2018-11-30,2979
2018-12-01,1484
2018-12-02,1978
2018-12-03,2648
2018-12-04,2512
2018-12-05,2476
2018-12-06,3011
2018-12-07,3414
2018-12-08,2603
2018-12-09,2488
2018-12-10,3148
2018-12-11,2847
2018-12-12,3001
2018-12-13,2810
2018-12-14,2796
2018-12-15,2367
2018-12-16,2526
2018-12-17,3093
2018-12-18,2979
2018-12-19,3216
2018-12-20,2374
2018-12-21,2379
2018-12-22,2606
2018-12-23,2800
2018-12-24,2653
2018-12-25,2879
2018-12-26,2379
2018-12-27,1470
2018-12-28,2060
2018-12-29,1849
2018-12-30,2332
2018-12-31,1393
2019-01-01,2202
2019-01-02,1595
2019-01-03,2020
2019-01-04,2072
2019-01-05,2293
2019-01-06,2279
2019-01-07,1725
2019-01-08,2889
2019-01-09,2850
2019-01-10,2682
2019-01-11,3162
2019-01-12,989
2019-01-13,1790
2019-01-14,2176
2019-01-15,2106
2019-01-16,2751
2019-01-17,2509
2019-01-18,2656
2019-01-19,575
2019-01-20,1567
2019-01-21,1438
2019-01-22,1440
2019-01-23,1569
2019-01-24,2255
2019-01-25,1854
2019-01-26,1384
2019-01-27,1527
2019-01-28,725
2019-01-29,1311
2019-01-30,131
2019-01-31,744
2019-02-01,1430
2019-02-02,1553
2019-02-03,1615
2019-02-04,1881
2019-02-05,2122
2019-02-06,2023
2019-02-07,1697
2019-02-08,2590
2019-02-09,2243
2019-02-10,1414
2019-02-11,2088
2019-02-12,1267
2019-02-13,2117
2019-02-14,2535
2019-02-15,2581
2019-02-16,2124
2019-02-17,1046
2019-02-18,1342
2019-02-19,2426
2019-02-20,1633
2019-02-21,2780
2019-02-22,2958
2019-02-23,1572
2019-02-24,2162
2019-02-25,2515
2019-02-26,2130
2019-02-27,2770
2019-02-28,2631
2019-03-01,2779
2019-03-02,2167
2019-03-03,2238
2019-03-04,2616
2019-03-05,2636
2019-03-06,2730
2019-03-07,2505
2019-03-08,2815
2019-03-09,1676
2019-03-10,2244
2019-03-11,2858
2019-03-12,2914
2019-03-13,2301
2019-03-14,2336
2019-03-15,2509
2019-03-16,2592
2019-03-17,2471
2019-03-18,2990
2019-03-19,3028
2019-03-20,2181
2019-03-21,2687
2019-03-22,3475
2019-03-23,2450
2019-03-24,1900
2019-03-25,2755
2019-03-26,2863
2019-03-27,2979
2019-03-28,2798
2019-03-29,3120
2019-03-30,2337
2019-03-31,2558
2019-04-01,2864
2019-04-02,2740
2019-04-03,3082
2019-04-04,2101
2019-04-05,2059
2019-04-06,2659
2019-04-07,2107
2019-04-08,3255
2019-04-09,3120
2019-04-10,2459
2019-04-11,2271
2019-04-12,3695
2019-04-13,2419
2019-04-14,1070
2019-04-15,2081
2019-04-16,2047
2019-04-17,1876
2019-04-18,1444
2019-04-19,2096
2019-04-20,2434
2019-04-21,2746
2019-04-22,3017
2019-04-23,2745
2019-04-24,2896
2019-04-25,2976
2019-04-26,3357
2019-04-27,1264
2019-04-28,2225
2019-04-29,1780
2019-04-30,1726
2019-05-01,2650
2019-05-02,2139
2019-05-03,3334
2019-05-04,2378
2019-05-05,2518
2019-05-06,2877
2019-05-07,2342
2019-05-08,2853
2019-05-09,2737
2019-05-10,3254
2019-05-11,1973
2019-05-12,2466
2019-05-13,2923
2019-05-14,3052
2019-05-15,3005
2019-05-16,2481
2019-05-17,2625
2019-05-18,2239
2019-05-19,2238
2019-05-20,2823
2019-05-21,2380
2019-05-22,3101
2019-05-23,3231
2019-05-24,3108
2019-05-25,2538
2019-05-26,2137
2019-05-27,1750
2019-05-28,2701
2019-05-29,2977
2019-05-30,3020
2019-05-31,3256
2019-06-01,1931
2019-06-02,2083
2019-06-03,2774
2019-06-04,2429
2019-06-05,2860
2019-06-06,3093
2019-06-07,3119
2019-06-08,2159
2019-06-09,2001
2019-06-10,2992
2019-06-11,2947
2019-06-12,2299
2019-06-13,2988
2019-06-14,3007
2019-06-15,1665
2019-06-16,2212
2019-06-17,2761
2019-06-18,3031
2019-06-19,2245
2019-06-20,2449
2019-06-21,1884
2019-06-22,2180
2019-06-23,1674
2019-06-24,1582
2019-06-25,2082
2019-06-26,2064
2019-06-27,2092
2019-06-28,1876
2019-06-29,2310
2019-06-30,1973
2019-07-01,2213
2019-07-02,2087
2019-07-03,2457
2019-07-04,2695
2019-07-05,1976
2019-07-06,2198
2019-07-07,2339
2019-07-08,2360
2019-07-09,2415
2019-07-10,2479
2019-07-11,2303
2019-07-12,2489
2019-07-13,2294
2019-07-14,2281
2019-07-15,2499
2019-07-16,1979
2019-07-17,2341
2019-07-18,1822
2019-07-19,2835
2019-07-20,2181
2019-07-21,1739
2019-07-22,2229
2019-07-23,2245
2019-07-24,2271
2019-07-25,2178
2019-07-26,2161
2019-07-27,2472
2019-07-28,2401
2019-07-29,1682
2019-07-30,1992
2019-07-31,2157
2019-08-01,2148
2019-08-02,2035
2019-08-03,2287
2019-08-04,2281
2019-08-05,1891
2019-08-06,1770
2019-08-07,1843
2019-08-08,1934
2019-08-09,2049
2019-08-10,2316
2019-08-11,2293
2019-08-12,1548
2019-08-13,1812
2019-08-14,1792
2019-08-15,1922
2019-08-16,1920
2019-08-17,2029
2019-08-18,2057
2019-08-19,2063
2019-08-20,1622
2019-08-21,2038
2019-08-22,2079
2019-08-23,1927
2019-08-24,2217
2019-08-25,2175
2019-08-26,1491
2019-08-27,1999
2019-08-28,2127
2019-08-29,2087
2019-08-30,2126
2019-08-31,1993
2019-09-01,1941
2019-09-02,2127
2019-09-03,2354
2019-09-04,2869
2019-09-05,3132
2019-09-06,2919
2019-09-07,2121
2019-09-08,1884
2019-09-09,2766
2019-09-10,2810
2019-09-11,3061
2019-09-12,2771
2019-09-13,2994
2019-09-14,2169
2019-09-15,1907
2019-09-16,2886
2019-09-17,2978
2019-09-18,2976
2019-09-19,2903
2019-09-20,3212
2019-09-21,1988
2019-09-22,1592
2019-09-23,3065
2019-09-24,2856
2019-09-25,3004
2019-09-26,3023
2019-09-27,1705
2019-09-28,1873
2019-09-29,1792
2019-09-30,2878
2019-10-01,2807
2019-10-02,1969
2019-10-03,2629
2019-10-04,2941
2019-10-05,1900
2019-10-06,2156
2019-10-07,2716
2019-10-08,2765
2019-10-09,2709
2019-10-10,2655
2019-10-11,1964
2019-10-12,2333
2019-10-13,2434
2019-10-14,1939
2019-10-15,2420
2019-10-16,2897
2019-10-17,1920
2019-10-18,1867
2019-10-19,2514
2019-10-20,2344
2019-10-21,1578
2019-10-22,1638
2019-10-23,1907
2019-10-24,1968
2019-10-25,2155
2019-10-26,1463
2019-10-27,2542
2019-10-28,1629
2019-10-29,1633
2019-10-30,1129
2019-10-31,986
2019-11-01,2221
2019-11-02,2085
2019-11-03,2070
2019-11-04,2571
2019-11-05,2471
2019-11-06,2381
2019-11-07,2427
2019-11-08,2196
2019-11-09,2365
2019-11-10,2195
2019-11-11,544
2019-11-12,1682
2019-11-13,1786
2019-11-14,1680
2019-11-15,2228
2019-11-16,1964
2019-11-17,1662
2019-11-18,1591
2019-11-19,1888
2019-11-20,2424
2019-11-21,1794
2019-11-22,2785
2019-11-23,2278
2019-11-24,2181
2019-11-25,2569
2019-11-26,2180
2019-11-27,2294
2019-11-28,2412
2019-11-29,1837
2019-11-30,1553
2019-12-01,1610
2019-12-02,2352
2019-12-03,2360
2019-12-04,2503
2019-12-05,2677
2019-12-06,2336
2019-12-07,2252
2019-12-08,1973
2019-12-09,1795
2019-12-10,2262
2019-12-11,2057
2019-12-12,2560
2019-12-13,2732
2019-12-14,2119
2019-12-15,2147
2019-12-16,1899
2019-12-17,2452
2019-12-18,2527
2019-12-19,2507
2019-12-20,2412
2019-12-21,2152
2019-12-22,2051
2019-12-23,1872
2019-12-24,2013
2019-12-25,2462
2019-12-26,1973
2019-12-27,1770
2019-12-28,2134
2019-12-29,1761
2019-12-30,1260
2019-12-31,1572
2020-01-01,2023
2020-01-02,1711
2020-01-03,2273
2020-01-04,1855
2020-01-05,2107
2020-01-06,2316
2020-01-07,2249
2020-01-08,2250
2020-01-09,1821
2020-01-10,1974
2020-01-11,1036
2020-01-12,1737
2020-01-13,2141
2020-01-14,2114
2020-01-15,1852
2020-01-16,2463
2020-01-17,1777
2020-01-18,1201
2020-01-19,1748
2020-01-20,1418
2020-01-21,2009
2020-01-22,1974
2020-01-23,1576
2020-01-24,1524
2020-01-25,1354
2020-01-26,1787
2020-01-27,1987
2020-01-28,1698
2020-01-29,1935
2020-01-30,2063
2020-01-31,1640
2020-02-01,1788
2020-02-02,2135
2020-02-03,2263
2020-02-04,2130
2020-02-05,1770
2020-02-06,1469
2020-02-07,2270
2020-02-08,1948
2020-02-09,1551
2020-02-10,2130
2020-02-11,2195
2020-02-12,1965
2020-02-13,1652
2020-02-14,2477
2020-02-15,2006
2020-02-16,2019
2020-02-17,1340
2020-02-18,2400
2020-02-19,2656
2020-02-20,2719
2020-02-21,2911
2020-02-22,2379
2020-02-23,2330
2020-02-24,2472
2020-02-25,2252
2020-02-26,2280
2020-02-27,2862
2020-02-28,2877
2020-02-29,2495
2020-03-01,2320
2020-03-02,2695
2020-03-03,2596
2020-03-04,2645
2020-03-05,2607
2020-03-06,2800
2020-03-07,2457
2020-03-08,2478
2020-03-09,2079
2020-03-10,2722
2020-03-11,2578
2020-03-12,2954
2020-03-13,3430
2020-03-14,2274
2020-03-15,2486
2020-03-16,2678
2020-03-17,2035
2020-03-18,1675
2020-03-19,1734
2020-03-20,2239
2020-03-21,2397
2020-03-22,1816
2020-03-23,1804
2020-03-24,1935
2020-03-25,2017
2020-03-26,1774
2020-03-27,1828
2020-03-28,1803
2020-03-29,2085
2020-03-30,2017
2020-03-31,1866
2020-04-01,2092
2020-04-02,1998
2020-04-03,2147
2020-04-04,2214
2020-04-05,2369
2020-04-06,2005
2020-04-07,2126
2020-04-08,1880
2020-04-09,1990
2020-04-10,2321
2020-04-11,2368
2020-04-12,2403
2020-04-13,2141
2020-04-14,2185
2020-04-15,2181
2020-04-16,2317
2020-04-17,2008
2020-04-18,2703
2020-04-19,2449
2020-04-20,2099
2020-04-21,2067
2020-04-22,1889
2020-04-23,2074
2020-04-24,2253
2020-04-25,1669
2020-04-26,2292
2020-04-27,1640
2020-04-28,1752
2020-04-29,1137
2020-04-30,1819
2020-05-01,2129
2020-05-02,2653
2020-05-03,2242
2020-05-04,1823
2020-05-05,1692
2020-05-06,2105
2020-05-07,2014
2020-05-08,2190
2020-05-09,2467
2020-05-10,1866
2020-05-11,2004
2020-05-12,2035
2020-05-13,1929
2020-05-14,1554
2020-05-15,1985
2020-05-16,2132
2020-05-17,1198
2020-05-18,1720
2020-05-19,1514
2020-05-20,1867
2020-05-21,1662
2020-05-22,2039
2020-05-23,2024
2020-05-24,2389
2020-05-25,2031
2020-05-26,1350
2020-05-27,1543
2020-05-28,1654
2020-05-29,1925
2020-05-30,1915
2020-05-31,3129
2020-06-01,1955
2020-06-02,2157
2020-06-03,1669
2020-06-04,1893
2020-06-05,1904
2020-06-06,2393
2020-06-07,2419
2020-06-08,2036
2020-06-09,1652
2020-06-10,2009
2020-06-11,2234
2020-06-12,2046
2020-06-13,2425
2020-06-14,2233
2020-06-15,2027
2020-06-16,1938
2020-06-17,1995
2020-06-18,2115
2020-06-19,2272
2020-06-20,2393
2020-06-21,2622
2020-06-22,1705
2020-06-23,1985
2020-06-24,1983
2020-06-25,2138
2020-06-26,1739
2020-06-27,2640
2020-06-28,2456
2020-06-29,1870
2020-06-30,2306
2020-07-01,2125
2020-07-02,2369
2020-07-03,2588
2020-07-04,3045
2020-07-05,2444
2020-07-06,2111
2020-07-07,2117
2020-07-08,2149
2020-07-09,2218
2020-07-10,2210
2020-07-11,2482
2020-07-12,2310
2020-07-13,2083
2020-07-14,2118
2020-07-15,1707
2020-07-16,2088
2020-07-17,2338
2020-07-18,2647
2020-07-19,2052
2020-07-20,2171
2020-07-21,1830
2020-07-22,2230
2020-07-23,2295
2020-07-24,2349
2020-07-25,2769
2020-07-26,2535
2020-07-27,2174
2020-07-28,2205
2020-07-29,1859
2020-07-30,2114
2020-07-31,2253
2020-08-01,2279
2020-08-02,2109
2020-08-03,1991
2020-08-04,2108
2020-08-05,2035
2020-08-06,2085
2020-08-07,2243
2020-08-08,2482
2020-08-09,2373
2020-08-10,1698
2020-08-11,1762
2020-08-12,1842
2020-08-13,1972
2020-08-14,2262
2020-08-15,2441
2020-08-16,2335
2020-08-17,1943
2020-08-18,1898
2020-08-19,2042
2020-08-20,2124
2020-08-21,2201
2020-08-22,2547
2020-08-23,2299
2020-08-24,2086
2020-08-25,1956
2020-08-26,2171
2020-08-27,2172
2020-08-28,2233
2020-08-29,2340
2020-08-30,2223
2020-08-31,1874
2020-09-01,1471
2020-09-02,2164
2020-09-03,2139
2020-09-04,2247
2020-09-05,2351
2020-09-06,2162
2020-09-07,2285
2020-09-08,1430
2020-09-09,1794
2020-09-10,1754
2020-09-11,1936
2020-09-12,1651
2020-09-13,2174
2020-09-14,1816
2020-09-15,2010
2020-09-16,2144
2020-09-17,2189
2020-09-18,2274
2020-09-19,2333
2020-09-20,2337
2020-09-21,1963
2020-09-22,2007
2020-09-23,2090
2020-09-24,2013
2020-09-25,2141
2020-09-26,2303
2020-09-27,1956
2020-09-28,1671
2020-09-29,1917
2020-09-30,1965
2020-10-01,1787
2020-10-02,2052
2020-10-03,1814
2020-10-04,2046
2020-10-05,1873
2020-10-06,1827
2020-10-07,2041
2020-10-08,1971
2020-10-09,2202
2020-10-10,2350
2020-10-11,2240
2020-10-12,1790
2020-10-13,2028
2020-10-14,2067
2020-10-15,2006
2020-10-16,2177
2020-10-17,2409
2020-10-18,1614
2020-10-19,1677
2020-10-20,1627
2020-10-21,1641
2020-10-22,1894
2020-10-23,1456
2020-10-24,2347
2020-10-25,2153
2020-10-26,1599
2020-10-27,1379
2020-10-28,1813
2020-10-29,1930
2020-10-30,1989
2020-10-31,2158
2020-11-01,2086
2020-11-02,1818
2020-11-03,1867
2020-11-04,1876
2020-11-05,1950
2020-11-06,2025
2020-11-07,2278
2020-11-08,2080
2020-11-09,1837
2020-11-10,1647
2020-11-11,1876
2020-11-12,2070
2020-11-13,2164
2020-11-14,2020
2020-11-15,1943
2020-11-16,1905
2020-11-17,1872
2020-11-18,1778
2020-11-19,1814
2020-11-20,1706
2020-11-21,2003
2020-11-22,1715
2020-11-23,1783
2020-11-24,1043
2020-11-25,1253
2020-11-26,2507
2020-11-27,2076
2020-11-28,2103
2020-11-29,2072
2020-11-30,1614
2020-12-01,1810
2020-12-02,1957
2020-12-03,1945
2020-12-04,2061
2020-12-05,2270
2020-12-06,1942
2020-12-07,1706
2020-12-08,1887
2020-12-09,2036
2020-12-10,1956
2020-12-11,1596
2020-12-12,1595
2020-12-13,2210
2020-12-14,1951
2020-12-15,1899
2020-12-16,1509
2020-12-17,1554
2020-12-18,2029
2020-12-19,2326
2020-12-20,2338
2020-12-21,1911
2020-12-22,1923
2020-12-23,1685
2020-12-24,2440
2020-12-25,2821
2020-12-26,2497
2020-12-27,2351
2020-12-28,2161
2020-12-29,1276
2020-12-30,1287
2020-12-31,2077
2021-01-01,1141
2021-01-02,1838
2021-01-03,1821
2021-01-04,1571
2021-01-05,1468
2021-01-06,1570
2021-01-07,1674
2021-01-08,1673
2021-01-09,2228
2021-01-10,1928
2021-01-11,1657
2021-01-12,1799
2021-01-13,1709
2021-01-14,1533
2021-01-15,1594
2021-01-16,1104
2021-01-17,1297
2021-01-18,1147
2021-01-19,1248
2021-01-20,1399
2021-01-21,1596
2021-01-22,1555
2021-01-23,1362
2021-01-24,1137
2021-01-25,1065
2021-01-26,709
2021-01-27,823
2021-01-28,986
2021-01-29,1215
2021-01-30,751
2021-01-31,248
2021-02-01,719
2021-02-02,768
2021-02-03,979
2021-02-04,494
2021-02-05,886
2021-02-06,758
2021-02-07,934
2021-02-08,581
2021-02-09,843
2021-02-10,619
2021-02-11,870
2021-02-12,1154
2021-02-13,459
2021-02-14,772
2021-02-15,122
2021-02-16,197
2021-02-17,572
2021-02-18,814
2021-02-19,1005
2021-02-20,925
2021-02-21,765
2021-02-22,1075
2021-02-23,1335
2021-02-24,1480
2021-02-25,1543
2021-02-26,1672
2021-02-27,1725
2021-02-28,1360
2021-03-01,11373
2021-03-02,11068
2021-03-03,10385
2021-03-04,10393
2021-03-05,11500
2021-03-06,10146
2021-03-07,9887
2021-03-08,11042
2021-03-09,10478
2021-03-10,9426
2021-03-11,10671
2021-03-12,10768
2021-03-13,10132
2021-03-14,9006
2021-03-15,6946
2021-03-16,9418
2021-03-17,8299
2021-03-18,9410
2021-03-19,11590
2021-03-20,10612
2021-03-21,10170
2021-03-22,10779
2021-03-23,9242
2021-03-24,9911
2021-03-25,9454
2021-03-26,10039
2021-03-27,10439
2021-03-28,10385
2021-03-29,8578
2021-03-30,8341
2021-03-31,8458
2021-04-01,9194
2021-04-02,9694
2021-04-03,10890
2021-04-04,11661
2021-04-05,10109
2021-04-06,11357
2021-04-07,9890
2021-04-08,7973
2021-04-09,11220
2021-04-10,8624
2021-04-11,10186
2021-04-12,11658
2021-04-13,11864
2021-04-14,10590
2021-04-15,11772
2021-04-16,8662
2021-04-17,9785
2021-04-18,9694
2021-04-19,10625
2021-04-20,11664
2021-04-21,9001
2021-04-22,11710
2021-04-23,13648
2021-04-24,9749
2021-04-25,10059
2021-04-26,13396
2021-04-27,13846
2021-04-28,8873
2021-04-29,12194
2021-04-30,13182
2021-05-01,10159
2021-05-02,11383
2021-05-03,11347
2021-05-04,10785
2021-05-05,11665
2021-05-06,11860
2021-05-07,14077
2021-05-08,10367
2021-05-09,10531
2021-05-10,12613
2021-05-11,12173
2021-05-12,11177
2021-05-13,13218
2021-05-14,13394
2021-05-15,8922
2021-05-16,10488
2021-05-17,12410
2021-05-18,8359
2021-05-19,10456
2021-05-20,13045
2021-05-21,13211
2021-05-22,10830
2021-05-23,9499
2021-05-24,12356
2021-05-25,11549
2021-05-26,9944
2021-05-27,10525
2021-05-28,9608
2021-05-29,10248
2021-05-30,10046
2021-05-31,9256
2021-06-01,12007
2021-06-02,9998
2021-06-03,11974
2021-06-04,12468
2021-06-05,10053
2021-06-06,9332
2021-06-07,10522
2021-06-08,11913
2021-06-09,10636
2021-06-10,12211
2021-06-11,12716
2021-06-12,9745
2021-06-13,10618
2021-06-14,12113
2021-06-15,11863
2021-06-16,10428
2021-06-17,11989
2021-06-18,12167
2021-06-19,10350
2021-06-20,9416
2021-06-21,11899
2021-06-22,11520
2021-06-23,7912
2021-06-24,6618
2021-06-25,7356
2021-06-26,7379
2021-06-27,9873
2021-06-28,6957
2021-06-29,7259
2021-06-30,7362
2021-07-01,8113
2021-07-02,8115
2021-07-03,9756
2021-07-04,10381
2021-07-05,9417
2021-07-06,10789
2021-07-07,10396
2021-07-08,9496
2021-07-09,10866
2021-07-10,8094
2021-07-11,8089
2021-07-12,10870
2021-07-13,10255
2021-07-14,10821
2021-07-15,10237
2021-07-16,10514
2021-07-17,10117
2021-07-18,10320
2021-07-19,10514
2021-07-20,10501
2021-07-21,10167
2021-07-22,10873
2021-07-23,10630
2021-07-24,9738
2021-07-25,10384
2021-07-26,10679
2021-07-27,10645
2021-07-28,10955
2021-07-29,10457
2021-07-30,10427
2021-07-31,9593
2021-08-01,9234
2021-08-02,9713
2021-08-03,9463
2021-08-04,9144
2021-08-05,9741
2021-08-06,9277
2021-08-07,9146
2021-08-08,8776
2021-08-09,7604
2021-08-10,8315
2021-08-11,8365
2021-08-12,8778
2021-08-13,9049
2021-08-14,9481
2021-08-15,9455
2021-08-16,7671
2021-08-17,7411
2021-08-18,7897
2021-08-19,7970
2021-08-20,8440
2021-08-21,8667
2021-08-22,8886
2021-08-23,7712
2021-08-24,7027
2021-08-25,7313
2021-08-26,8162
2021-08-27,8039
2021-08-28,9281
2021-08-29,8983
2021-08-30,8581
2021-08-31,9361
2021-09-01,10614
2021-09-02,10238
2021-09-03,10451
2021-09-04,7650
2021-09-05,9272
2021-09-06,8469
2021-09-07,9596
2021-09-08,10835
2021-09-09,10382
2021-09-10,11114
2021-09-11,7936
2021-09-12,7952
2021-09-13,10128
2021-09-14,9961
2021-09-15,9577
2021-09-16,9889
2021-09-17,10069
2021-09-18,7743
2021-09-19,8650
2021-09-20,9060
2021-09-21,8616
2021-09-22,8583
2021-09-23,9850
2021-09-24,10382
2021-09-25,8230
2021-09-26,8452
2021-09-27,9922
2021-09-28,9905
2021-09-29,10413
2021-09-30,10476
2021-10-01,11828
2021-10-02,7231
2021-10-03,7394
2021-10-04,8984
2021-10-05,8766
2021-10-06,9416
2021-10-07,8347
2021-10-08,10426
2021-10-09,8231
2021-10-10,8161
2021-10-11,5022
2021-10-12,8942
2021-10-13,8447
2021-10-14,9301
2021-10-15,10132
2021-10-16,8150
2021-10-17,8065
2021-10-18,9899
2021-10-19,9893
2021-10-20,9671
2021-10-21,8904
2021-10-22,9989
2021-10-23,8265
2021-10-24,5075
2021-10-25,6839
2021-10-26,9164
2021-10-27,9885
2021-10-28,7116
2021-10-29,5665
2021-10-30,7635
2021-10-31,8207
2021-11-01,9132
2021-11-02,9282
2021-11-03,9027
2021-11-04,9598
2021-11-05,6823
2021-11-06,7865
2021-11-07,7862
2021-11-08,9546
2021-11-09,8253
2021-11-10,9008
2021-11-11,5618
2021-11-12,5891
2021-11-13,6755
2021-11-14,6424
2021-11-15,7908
2021-11-16,8064
2021-11-17,4553
2021-11-18,6132
2021-11-19,4570
2021-11-20,2725
2021-11-21,2925
2021-11-22,5998
2021-11-23,7818
2021-11-24,5788
2021-11-25,7975
2021-11-26,7557
2021-11-27,7792
2021-11-28,7854
2021-11-29,8640
2021-11-30,9071
2021-12-01,7663
2021-12-02,8990
2021-12-03,8988
2021-12-04,6917
2021-12-05,5004
2021-12-06,8238
2021-12-07,8078
2021-12-08,9026
2021-12-09,8350
2021-12-10,7837
2021-12-11,7323
2021-12-12,7599
2021-12-13,9167
2021-12-14,8267
2021-12-15,7672
2021-12-16,9033
2021-12-17,9462
2021-12-18,6354
2021-12-19,7258
2021-12-20,6427
2021-12-21,6189
2021-12-22,6653
2021-12-23,6671
2021-12-24,6283
2021-12-25,7480
2021-12-26,7552
2021-12-27,5858
2021-12-28,3860
2021-12-29,6075
2021-12-30,5852
2021-12-31,7254
